PLAYER,AGENTS,RND,R2.0,ACS,K:D,KAST,ADR,KPR,APR,FKPR,FDPR,HS%,CL%,CL,KMAX,K,D,A,FK,FD
"Vania
G2.G","harbor, omen, gekko",258,1.48,249.5,1.84,83%,156.8,0.91,0.44,0.06,0.04,42%,31%,5/16,25,234,127,114,15,9
"Lied
FSX","iso, raze, jett",291,1.40,285.9,1.56,73%,186.0,1.05,0.24,0.22,0.15,29%,15%,4/26,30,307,197,71,65,45
"Miku
NCL.GC","neon, raze, jett",232,1.35,303.5,1.49,75%,182.5,1.04,0.26,0.31,0.20,19%,45%,5/11,32,241,162,61,71,47
"tok1o
LEV.GC","neon, jett, sova",315,1.33,274.1,1.46,76%,179.2,0.97,0.25,0.15,0.13,25%,31%,10/32,28,306,210,78,46,40
"conir
KRÜ.B","omen, clove, brimstone",251,1.32,233.3,1.48,86%,149.1,0.88,0.45,0.09,0.05,27%,22%,5/23,24,220,149,114,23,13
"Derke
FNC","raze, yoru",211,1.30,275.6,1.42,76%,180.6,0.99,0.18,0.19,0.15,25%,33%,6/18,30,208,146,39,40,31
"Chronicle
FNC","sova, viper",211,1.29,236.1,1.31,75%,162.9,0.82,0.30,0.13,0.06,28%,12%,3/26,25,172,131,64,27,13
"Zanatsu
RED","killjoy, raze, jett",237,1.29,288.7,1.44,76%,183.9,1.04,0.16,0.24,0.16,34%,8%,1/12,36,247,171,37,56,39
"Liz
NTH","sova, omen, skye",259,1.27,250.3,1.33,75%,174.4,0.86,0.29,0.14,0.06,36%,13%,4/32,33,224,168,74,35,15
"Asomy
NCL.GC","omen, gekko",232,1.27,234.1,1.38,77%,144.2,0.85,0.45,0.06,0.04,27%,14%,4/28,28,198,144,105,14,10
"Persia
SPG","brimstone, viper, clove",282,1.26,226.3,1.30,77%,151.3,0.79,0.46,0.09,0.10,35%,26%,9/35,23,223,171,129,25,28
"nabil
RESO","kayo, sova, viper",259,1.26,241.8,1.26,80%,158.8,0.85,0.43,0.10,0.08,24%,11%,4/38,28,220,174,112,25,21
Needy,"jett, neon, raze",265,1.24,264.0,1.34,75%,172.7,0.93,0.13,0.15,0.17,33%,16%,4/25,28,246,184,34,40,44
"kaajak
APK","raze, jett, yoru",428,1.24,274.2,1.36,69%,175.1,0.98,0.17,0.25,0.19,40%,5%,1/21,33,419,308,71,109,80
"karie
SNG","cypher, sova, deadlock",312,1.24,254.6,1.39,76%,167.3,0.93,0.22,0.07,0.08,35%,15%,7/46,31,291,210,70,21,24
"Lar0k
PCF","breach, gekko, kayo",454,1.24,216.4,1.27,75%,141.6,0.79,0.38,0.09,0.07,34%,22%,12/55,25,357,281,173,41,34
"mmonch
AKV.GC","cypher, killjoy, viper",231,1.23,225.2,1.45,77%,143.4,0.85,0.19,0.13,0.04,34%,17%,5/29,24,196,135,43,29,9
"UR
ZETA.GC","sova, brimstone, fade",217,1.23,233.4,1.18,71%,157.2,0.80,0.38,0.11,0.06,27%,15%,4/27,29,174,148,83,23,13
"Spaz
BLIN","harbor, omen, viper",508,1.22,215.0,1.21,78%,133.9,0.75,0.51,0.08,0.06,21%,30%,21/69,23,383,317,257,42,32
"antG
LOUD.GC","deadlock, kayo, skye",227,1.21,228.1,1.21,77%,144.4,0.83,0.42,0.07,0.08,30%,,0/25,33,188,155,96,16,19
"VYX
FCN","viper, killjoy, omen",235,1.21,212.9,1.30,78%,140.9,0.79,0.39,0.04,0.07,26%,18%,7/38,23,186,143,92,9,16
"v1c
MxS","viper, omen, brimstone",264,1.21,222.5,1.28,75%,147.4,0.78,0.41,0.06,0.06,23%,14%,6/43,23,205,160,109,17,16
"dods
KRÜ.B","jett, raze, iso",251,1.20,260.9,1.38,74%,172.0,1.02,0.15,0.24,0.16,34%,18%,2/11,35,255,185,38,59,40
"zekken
SEN","raze, jett, neon",435,1.19,262.9,1.27,73%,165.4,0.94,0.26,0.19,0.16,24%,30%,7/23,28,408,322,111,84,69
"Kon
SISU","sova, viper, vyse",240,1.19,236.2,1.19,75%,163.4,0.84,0.21,0.08,0.08,38%,9%,4/44,29,202,170,51,20,19
"Paincakes
FAIM","sova, deadlock, skye",382,1.19,226.7,1.25,78%,146.7,0.81,0.36,0.09,0.08,32%,28%,8/29,26,311,249,138,36,30
"JuW
AKV.GC","jett, raze, yoru",231,1.18,243.0,1.32,75%,153.8,0.88,0.20,0.20,0.11,28%,20%,2/10,23,204,154,47,47,25
"ComeBack
PCF","neon, jett, raze",454,1.17,267.1,1.34,72%,173.2,0.95,0.15,0.20,0.16,28%,7%,2/30,28,431,322,70,91,74
"welyy
Blue","sova, fade, skye",818,1.17,205.0,1.22,76%,139.6,0.70,0.36,0.08,0.04,30%,17%,23/132,25,573,471,297,62,36
"CHICHOO
EDG","killjoy, cypher, viper",404,1.17,219.2,1.24,75%,142.2,0.79,0.26,0.11,0.05,30%,15%,8/54,27,318,256,106,44,22
"bstrdd
TL","jett, iso, raze",326,1.17,249.8,1.25,72%,160.8,0.86,0.21,0.23,0.15,28%,19%,3/16,28,281,225,68,74,48
"Filu
DSY","iso, jett, raze",206,1.16,247.9,1.19,74%,157.2,0.88,0.16,0.23,0.17,35%,21%,4/19,26,182,153,33,48,34
"rezq
G2.G","yoru, raze, neon",258,1.16,281.3,1.39,74%,172.6,0.99,0.20,0.29,0.17,23%,13%,1/8,31,255,183,51,71,40
"Reduxx
OXG","jett, raze, omen",204,1.16,238.2,1.20,75%,156.6,0.83,0.28,0.20,0.17,30%,5%,1/20,28,169,141,57,41,34
hunterr,"fade, sova",206,1.16,220.2,1.16,73%,145.4,0.76,0.31,0.09,0.04,32%,23%,7/31,21,156,135,63,19,9
"fluxxy
HERO","omen, viper, astra",333,1.16,213.3,1.17,77%,139.6,0.77,0.33,0.07,0.05,31%,20%,13/64,29,258,220,109,24,17
"Bizerra
TL","killjoy, cypher, viper",326,1.15,221.1,1.19,74%,146.8,0.79,0.37,0.10,0.09,26%,14%,6/42,26,259,218,122,32,28
"Kyu
AMB","viper, breach, sova",244,1.15,223.3,1.20,76%,145.6,0.76,0.36,0.08,0.05,24%,11%,3/28,22,185,154,87,20,13
basic,"kayo, breach, omen",237,1.15,190.5,1.20,78%,126.7,0.70,0.42,0.05,0.05,34%,12%,3/26,19,166,138,99,11,12
"Ivy
SPG","deadlock, sova, fade",282,1.15,218.6,1.22,80%,141.9,0.77,0.33,0.06,0.06,33%,16%,6/37,27,216,177,92,16,16
"Dantedeu5
AK","neon, iso, jett",448,1.15,254.4,1.15,74%,161.3,0.87,0.25,0.18,0.15,29%,18%,5/28,31,391,339,112,80,67
"dodonut
FLY.R","phoenix, sage, raze",257,1.15,224.0,1.17,76%,149.7,0.77,0.29,0.12,0.12,25%,26%,8/31,26,197,169,74,30,32
"mimi
G2.G","killjoy, deadlock, gekko",258,1.15,189.3,1.33,80%,125.8,0.69,0.27,0.05,0.06,33%,10%,4/39,21,177,133,69,13,15
"LauGuz
MVR","raze, jett, phoenix",285,1.14,225.9,1.17,75%,155.8,0.84,0.18,0.14,0.10,31%,15%,4/27,24,239,204,52,39,29
"PROFEK
GN","omen, astra, viper",201,1.14,204.3,1.12,74%,137.3,0.73,0.34,0.09,0.06,27%,10%,3/29,19,146,130,69,19,12
"Pa1nt
Blue","neon, jett, raze",579,1.14,259.4,1.23,72%,165.0,0.93,0.18,0.25,0.18,29%,7%,1/15,33,540,440,105,146,106
"Kess
UT","sova, fade",330,1.13,224.9,1.08,72%,146.2,0.76,0.34,0.08,0.06,23%,9%,5/53,23,251,233,113,27,19
"Kaoticcc
SaD","jett, raze, reyna",704,1.13,265.8,1.21,71%,167.4,0.93,0.18,0.23,0.17,24%,16%,7/43,31,652,539,124,162,121
gui,"yoru, sova, skye",234,1.13,221.9,1.17,74%,146.6,0.78,0.23,0.09,0.07,31%,17%,5/29,28,182,155,54,22,16
"lucks
pug","sage, cypher, killjoy",259,1.13,204.0,1.19,71%,138.1,0.79,0.19,0.07,0.06,40%,16%,6/37,27,204,172,49,18,16
"silentzz
2G","raze, cypher, jett",466,1.13,239.0,1.20,73%,154.8,0.86,0.16,0.17,0.11,32%,6%,3/48,28,400,334,76,77,53
"TenZ
SEN","gekko, omen, kayo",320,1.13,217.5,1.12,75%,141.8,0.77,0.45,0.07,0.08,25%,7%,2/29,29,246,219,144,22,26
"misu
RF.GC","viper, sova",229,1.12,196.1,1.14,74%,133.8,0.70,0.30,0.06,0.04,24%,13%,5/38,25,160,140,69,14,10
"exa
T1A","cypher, raze, neon",324,1.12,218.1,1.14,72%,148.8,0.80,0.25,0.09,0.09,28%,21%,8/38,28,260,228,80,28,28
"Cactus
TLP","neon, raze, cypher",261,1.12,239.9,1.14,70%,159.0,0.85,0.21,0.12,0.13,28%,26%,11/43,28,223,195,54,32,34
"Joliinaa
GX.GC","omen, astra, viper",410,1.12,213.4,1.17,79%,136.3,0.75,0.44,0.10,0.06,26%,13%,5/40,24,307,262,180,39,25
"aspas
LEV","raze, neon, jett",362,1.12,217.6,1.18,74%,144.9,0.80,0.16,0.14,0.11,28%,18%,7/40,29,289,245,58,50,39
roxthi,"deadlock, sova, killjoy",222,1.12,208.2,1.08,68%,144.0,0.74,0.20,0.10,0.07,28%,30%,13/43,23,164,152,44,22,15
"ZmjjKK
EDG","jett, neon, raze",404,1.12,255.4,1.22,69%,164.0,0.89,0.20,0.24,0.19,24%,15%,3/20,28,361,297,82,98,76
"Sushiboys
FS","cypher, killjoy, brimstone",246,1.11,228.2,1.16,73%,154.1,0.81,0.22,0.10,0.07,23%,17%,6/35,27,199,172,53,24,17
"micaela
KRÜ.B","kayo, fade, breach",251,1.11,175.1,1.25,79%,115.2,0.69,0.43,0.06,0.08,35%,28%,5/18,21,172,138,107,15,19
"DaviH
CGN","sova, fade",415,1.11,192.3,1.10,69%,134.5,0.66,0.27,0.06,0.05,22%,20%,13/66,24,273,248,111,24,22
"GuterWoman
SKC.Q","cypher, killjoy",218,1.11,220.9,1.11,67%,149.3,0.81,0.13,0.08,0.10,33%,17%,7/41,24,176,158,28,17,22
"Papi
NBG","cypher, breach, gekko",279,1.11,221.1,1.08,73%,149.2,0.78,0.46,0.09,0.08,23%,56%,9/16,34,218,202,127,25,21
"aNguiSt
CGN","deadlock, killjoy, cypher",415,1.11,217.9,1.18,70%,145.0,0.80,0.13,0.11,0.08,33%,10%,5/49,23,334,284,55,44,32
"koalanoob
M80","yoru, omen, jett",586,1.10,233.9,1.16,71%,151.5,0.82,0.26,0.20,0.15,23%,19%,9/48,28,482,415,152,118,85
"cidZzZ
LGCY","fade, gekko, sova",237,1.10,175.7,1.15,78%,121.0,0.60,0.39,0.03,0.05,21%,10%,3/30,17,142,124,92,7,12
"Minny
GN","killjoy, cypher, gekko",201,1.10,208.3,1.12,70%,136.1,0.74,0.22,0.07,0.08,31%,15%,5/34,24,149,133,44,15,16
"ScrewFace
AMB","sova, breach, jett",219,1.10,216.1,1.03,68%,144.1,0.74,0.28,0.17,0.08,19%,6%,2/32,23,161,156,62,37,18
"Ivy
AKV.GC","kayo, gekko, breach",231,1.10,194.6,1.07,78%,132.6,0.71,0.33,0.09,0.10,37%,12%,3/26,24,163,152,76,21,22
"LizA
VLNT","neon, jett, raze",323,1.10,256.5,1.15,71%,163.3,0.90,0.19,0.24,0.23,28%,10%,2/20,26,290,252,61,76,73
"xuss
MOUZ","jett, raze, yoru",228,1.10,236.3,1.18,73%,154.3,0.86,0.14,0.23,0.15,27%,16%,4/25,37,196,166,32,52,35
"penny
G2","raze, jett, neon",227,1.10,239.2,1.18,69%,158.6,0.84,0.17,0.18,0.12,20%,23%,5/22,25,190,161,38,41,28
"robot
WU","astra, clove, brimstone",438,1.10,228.0,1.05,72%,154.6,0.79,0.32,0.13,0.13,26%,14%,9/66,39,346,329,138,55,58
"sarah
GX.GC","breach, kayo, viper",410,1.10,211.1,1.14,77%,132.6,0.75,0.42,0.07,0.06,29%,21%,9/43,28,306,268,173,30,23
"Shondex
Blue","cypher, killjoy, viper",679,1.10,202.1,1.20,74%,137.4,0.75,0.20,0.07,0.07,33%,10%,9/86,27,506,423,135,49,46
"RieNs
TH","viper, sova, gekko",405,1.10,211.9,1.11,75%,144.0,0.74,0.31,0.09,0.10,39%,21%,10/48,26,301,270,124,36,42
"Smoggy
EDG","viper, omen, brimstone",404,1.10,206.3,1.15,75%,129.1,0.73,0.38,0.07,0.06,28%,12%,6/52,22,294,256,152,27,23
"Dambi
SPG","neon, jett",282,1.09,251.0,1.13,75%,153.6,0.83,0.29,0.21,0.18,21%,17%,2/12,26,235,208,82,60,50
"BerserX
BME","cypher, killjoy",406,1.09,202.4,1.12,72%,139.5,0.71,0.22,0.08,0.07,26%,6%,3/54,28,290,258,89,33,28
LKashi,"cypher, killjoy, kayo",234,1.09,205.6,1.08,71%,131.9,0.73,0.30,0.06,0.05,26%,15%,5/33,24,170,158,71,13,12
"jowa
ENVE","sova, fade, kayo",492,1.09,203.5,1.06,76%,135.6,0.70,0.39,0.06,0.07,30%,9%,5/58,26,342,323,190,31,32
"biazik
KRÜ.B","sova, viper, gekko",251,1.09,188.0,1.10,78%,132.3,0.68,0.38,0.11,0.06,25%,25%,5/20,20,170,155,96,27,15
"adverso
AK","breach, sova, deadlock",448,1.09,201.6,1.06,73%,133.7,0.70,0.36,0.06,0.09,29%,19%,10/53,28,312,295,163,29,40
"gMd
TSM","brimstone, omen, astra",422,1.09,211.2,1.04,76%,137.6,0.74,0.41,0.08,0.06,29%,13%,8/63,28,311,300,173,34,25
"Lyda
HERO","viper, clove, sova",333,1.09,211.9,1.10,74%,140.6,0.76,0.26,0.12,0.08,33%,22%,7/32,29,252,230,87,41,27
"Okeanos
BLIN","jett, neon, yoru",267,1.09,242.8,1.15,72%,158.0,0.87,0.22,0.19,0.21,28%,16%,3/19,25,233,202,59,51,55
"Fair
SCC","reyna, clove, jett",287,1.09,245.5,1.17,70%,154.4,0.87,0.12,0.22,0.19,30%,8%,1/12,32,250,214,35,63,54
"sonder
FLY.R","fade, gekko, clove",257,1.09,227.1,1.15,74%,143.0,0.81,0.34,0.14,0.13,25%,23%,3/13,23,208,181,87,36,34
"melya
Elat","omen, sova, clove",384,1.09,209.7,1.05,71%,139.1,0.74,0.39,0.05,0.05,31%,10%,6/59,28,285,271,150,21,21
"Barrett
YDZ","breach, gekko, skye",231,1.09,212.8,1.04,73%,137.4,0.74,0.32,0.07,0.06,25%,19%,6/31,19,170,164,74,16,14
"StarBound
FLY.R","killjoy, deadlock, cypher",257,1.09,211.0,1.18,73%,137.0,0.75,0.21,0.12,0.07,20%,11%,4/38,18,194,165,55,30,19
"RetrQ
Burg","yoru, raze, cypher",276,1.09,219.4,1.08,73%,139.5,0.75,0.38,0.10,0.08,25%,16%,6/37,19,206,191,105,27,21
"desire
SGZ","fade, sova, skye",400,1.08,220.6,1.16,73%,144.2,0.77,0.24,0.11,0.11,39%,22%,9/41,23,306,263,97,42,43
"lukxo
GLRS","viper, omen, cypher",380,1.08,223.1,1.13,70%,145.6,0.79,0.26,0.13,0.10,32%,18%,8/45,32,301,267,99,50,38
"mikeE
BLIN","cypher, reyna, killjoy",445,1.08,222.0,1.08,71%,146.3,0.79,0.23,0.13,0.11,33%,18%,10/55,27,351,325,104,57,51
"Famouz
BME","raze, jett, clove",406,1.08,235.7,1.10,74%,149.5,0.80,0.22,0.19,0.13,16%,24%,8/33,26,326,297,89,76,51
"Joojina
TL","omen, brimstone",326,1.08,196.9,1.04,79%,127.7,0.68,0.44,0.09,0.07,26%,12%,3/26,20,222,213,144,30,23
"Loita
PCF","omen, viper",454,1.08,211.3,1.07,75%,140.2,0.72,0.43,0.10,0.11,41%,13%,6/48,25,328,307,194,45,48
"ness
GX.GC","sova, gekko, breach",410,1.08,190.8,1.06,75%,134.1,0.65,0.35,0.06,0.04,25%,16%,11/69,27,267,251,145,24,18
"wippie
C9","cypher, killjoy, omen",261,1.08,172.7,1.09,76%,117.8,0.62,0.40,0.05,0.05,25%,16%,7/45,21,162,149,105,14,14
"waved
LOUD.GC","raze, jett, neon",227,1.08,255.1,1.13,70%,166.7,0.86,0.19,0.24,0.15,25%,23%,3/13,26,195,172,43,54,33
"furbsa
SAD","iso, cypher, killjoy",290,1.08,221.0,1.12,71%,139.6,0.78,0.20,0.13,0.11,35%,20%,8/40,21,227,202,59,38,31
"MAGiK
JL","killjoy, brimstone, omen",218,1.07,230.0,1.11,72%,151.3,0.81,0.29,0.09,0.07,23%,13%,4/30,22,176,158,64,19,15
"m4ndzin
LOUD.GC","brimstone, omen, viper",227,1.07,199.0,0.99,74%,133.7,0.67,0.52,0.07,0.04,22%,16%,5/31,23,151,153,118,17,8
"MOLSI
APK","kayo, breach, sova",428,1.07,194.7,1.04,75%,130.8,0.66,0.46,0.07,0.04,26%,17%,10/59,23,283,273,197,28,17
"spike
2G","gekko, neon, kayo",466,1.07,233.3,1.05,76%,144.9,0.77,0.42,0.15,0.15,27%,9%,2/22,25,357,339,196,70,68
"tokameite
NSR.I","sova, skye, kayo",362,1.07,180.8,1.02,75%,123.5,0.66,0.41,0.03,0.05,30%,10%,5/51,27,238,233,150,10,19
"Francis
SPG","fade, harbor, breach",282,1.07,191.9,1.15,73%,127.0,0.73,0.39,0.06,0.07,28%,7%,2/28,32,205,178,111,18,20
"none
9ZG.GC","jett, neon, raze",297,1.07,238.2,1.04,67%,164.1,0.80,0.21,0.18,0.20,23%,10%,2/20,29,238,228,61,53,59
"mandy
TBS","kayo, skye, yoru",225,1.07,227.7,0.99,66%,149.5,0.79,0.37,0.13,0.16,34%,21%,4/19,26,178,179,84,30,35
"Miyori
GX.GC","cypher, killjoy, chamber",410,1.07,223.0,1.14,71%,143.1,0.79,0.18,0.14,0.11,26%,27%,12/45,24,325,284,75,56,45
"Cebando
AK","omen, viper, brimstone",448,1.07,199.9,1.01,73%,127.2,0.69,0.43,0.10,0.08,32%,16%,7/43,24,307,305,193,46,35
"zander
M80","omen, viper, brimstone",586,1.07,209.6,1.08,75%,133.1,0.75,0.37,0.10,0.10,28%,20%,12/61,31,437,404,216,56,59
Jackk,"skye, sova, fade",390,1.07,195.1,1.01,72%,130.6,0.69,0.37,0.06,0.08,33%,9%,4/47,23,270,268,145,24,30
"Jerrwin
LS","iso, neon, raze",467,1.06,247.6,1.06,70%,161.0,0.84,0.24,0.21,0.17,23%,26%,8/31,37,391,370,110,98,81
"Chloe
FIRE","sova, fade, breach",238,1.06,207.1,1.08,75%,133.2,0.79,0.29,0.11,0.11,27%,10%,2/21,25,188,174,69,25,26
"jakee
YFP","omen, viper, astra",695,1.06,212.7,1.08,73%,136.9,0.77,0.36,0.10,0.09,30%,20%,13/65,27,536,498,252,69,65
"NcSlasher
BME","gekko, fade, kayo",406,1.06,208.8,1.13,78%,128.0,0.76,0.32,0.10,0.08,24%,11%,3/27,29,310,275,128,39,34
"kamyk
JL","breach, reyna, gekko",218,1.06,202.9,1.03,70%,141.0,0.74,0.30,0.10,0.10,35%,21%,7/33,23,162,158,65,22,21
isaac9,"clove, omen, iso",222,1.06,228.2,1.06,73%,146.7,0.82,0.31,0.09,0.11,31%,5%,1/21,27,182,171,69,21,25
"Governor
TLN","raze, deadlock, jett",240,1.06,240.0,1.19,73%,148.7,0.83,0.18,0.20,0.15,22%,8%,1/13,27,198,166,44,47,37
"eva
FLCV","sova, gekko, skye",315,1.06,189.1,1.09,75%,123.2,0.69,0.23,0.05,0.03,25%,13%,7/55,25,218,200,72,15,11
"MiniBoo
TH","raze, jett, neon",405,1.06,217.9,1.07,72%,141.6,0.77,0.17,0.16,0.14,30%,20%,3/15,24,313,292,69,64,58
"curry
SEN","breach, omen, viper",471,1.06,205.8,1.11,74%,133.9,0.73,0.32,0.08,0.09,36%,15%,7/46,26,345,311,151,36,42
Moco,"omen, astra, viper",217,1.06,199.5,0.99,74%,128.4,0.68,0.40,0.04,0.09,21%,6%,2/32,23,148,149,86,9,19
"Wildfire
MU","breach, kayo, skye",303,1.06,188.7,1.02,72%,126.3,0.69,0.37,0.06,0.06,36%,9%,4/46,32,210,205,111,19,17
"Zap
2G","skye, breach, sova",466,1.06,188.2,1.01,75%,127.8,0.66,0.37,0.05,0.06,29%,14%,10/70,23,307,305,174,25,26
"Kaah
TLV","omen, brimstone",208,1.06,206.3,1.01,74%,132.0,0.76,0.30,0.07,0.11,33%,27%,7/26,20,159,158,62,14,23
"Teague
TACO","skye, breach, deadlock",342,1.05,202.5,1.04,71%,127.2,0.72,0.39,0.07,0.08,27%,20%,8/40,22,246,236,132,23,26
"Saiz
BAR","cypher, killjoy, viper",277,1.05,194.5,1.06,66%,130.3,0.72,0.14,0.10,0.08,40%,11%,4/38,24,199,187,40,28,23
"Fighter
TU","raze, jett, neon",252,1.05,224.1,1.06,68%,150.0,0.80,0.15,0.13,0.15,33%,12%,3/25,28,201,189,39,34,38
"grahams
SISU","breach, harbor, chamber",240,1.05,220.1,1.05,75%,135.3,0.77,0.30,0.11,0.11,35%,7%,2/27,27,184,175,73,27,26
"waddle
DSY","sova, breach, fade",206,1.05,189.0,1.03,76%,123.6,0.67,0.29,0.04,0.05,32%,15%,4/26,19,139,135,59,8,10
"romily
KRÜ.B","killjoy, viper, cypher",251,1.05,185.7,1.27,75%,123.3,0.73,0.22,0.07,0.05,31%,16%,6/37,19,182,143,54,17,12
"ZesBeeW
BME","omen, viper",406,1.05,192.1,1.05,76%,121.6,0.68,0.43,0.09,0.07,21%,11%,7/62,27,275,262,175,35,27
vit9ine,"cypher, viper, killjoy",265,1.05,200.6,1.09,74%,134.9,0.71,0.26,0.08,0.07,28%,13%,5/40,28,188,173,70,22,18
"soulcas
APK","deadlock, sova, astra",428,1.05,189.2,1.07,70%,126.8,0.68,0.35,0.06,0.07,35%,16%,9/56,22,292,274,149,25,29
"Fizzy
MOUZ","cypher, killjoy, omen",228,1.04,224.6,1.10,70%,147.0,0.81,0.17,0.07,0.09,30%,13%,3/23,37,185,168,39,17,21
"brk
SAW","jett, raze, yoru",231,1.04,231.1,1.01,61%,153.7,0.77,0.19,0.19,0.19,23%,10%,2/21,26,178,176,43,45,43
"bao
LS","killjoy, breach, brimstone",472,1.04,201.8,1.05,71%,136.1,0.74,0.24,0.07,0.06,37%,9%,6/64,28,348,330,115,31,28
"Dano
FSX","kayo, breach, gekko",371,1.04,179.4,1.08,71%,118.8,0.69,0.36,0.05,0.05,27%,13%,6/47,21,255,236,133,17,19
"thief
YFP","brimstone, cypher, killjoy",227,1.04,202.1,1.09,70%,133.4,0.74,0.22,0.11,0.09,32%,23%,6/26,26,168,154,51,26,21
"madv
FLCV","breach, kayo, gekko",315,1.04,201.1,1.02,73%,136.1,0.70,0.38,0.08,0.06,38%,16%,5/32,26,222,218,119,25,19
"Zellsis
SEN","brimstone, killjoy, breach",435,1.04,193.5,1.04,75%,122.8,0.68,0.41,0.07,0.10,22%,11%,8/70,26,294,284,178,32,42
"Dark3st
SAD","deadlock, breach, kayo",290,1.04,194.4,1.07,72%,123.8,0.71,0.40,0.08,0.08,29%,15%,4/26,26,207,193,115,24,24
"Logan
Burg","skye, breach, sova",408,1.04,216.7,1.00,73%,152.6,0.75,0.33,0.10,0.07,26%,19%,9/47,26,304,303,135,40,30
"Jonaaa6
FAIM","killjoy, viper, cypher",382,1.04,209.8,1.15,72%,135.8,0.76,0.18,0.09,0.08,29%,19%,9/48,24,291,254,69,34,32
"gobera
LGCY","jett, killjoy, cypher",216,1.04,216.8,1.12,70%,147.9,0.77,0.20,0.11,0.12,23%,13%,3/23,23,167,149,44,23,26
"Sato
GLRS","raze, jett, neon",380,1.04,234.2,1.13,68%,143.2,0.83,0.12,0.18,0.16,34%,18%,4/22,30,315,278,47,70,61
"Toki
FLCV","omen, viper, astra",315,1.04,209.2,1.06,70%,142.2,0.73,0.32,0.09,0.11,34%,31%,9/29,26,229,217,102,29,34
"foxz
FS","sova, breach, gekko",246,1.04,201.8,0.99,71%,136.0,0.68,0.35,0.05,0.06,29%,21%,7/33,18,168,169,85,13,15
"PTC
FS","breach, gekko, kayo",246,1.04,188.3,1.02,73%,124.5,0.68,0.43,0.11,0.09,30%,15%,4/27,22,168,164,106,26,23
"Cami
FIRE","omen, astra, clove",285,1.04,192.1,1.02,76%,129.1,0.72,0.41,0.10,0.09,35%,21%,6/29,22,206,201,116,28,25
"ind1n
puGG","raze, neon, jett",400,1.03,219.1,1.05,73%,146.1,0.77,0.16,0.15,0.15,23%,24%,9/38,25,308,293,62,60,59
"Tim
ZMM.B","omen, viper, reyna",363,1.03,212.9,0.97,75%,135.7,0.74,0.42,0.10,0.10,22%,10%,4/40,27,267,276,153,36,37
"iluri
MOUZ","sova, gekko, breach",228,1.03,180.2,1.00,77%,122.8,0.66,0.32,0.05,0.07,42%,16%,5/32,23,150,150,72,12,15
"sym
TSM","raze, neon, jett",422,1.03,240.3,1.05,71%,158.6,0.84,0.23,0.22,0.20,30%,24%,5/21,38,353,335,95,91,83
"vita
Volc","skye, reyna, neon",288,1.03,252.6,1.05,71%,157.2,0.88,0.22,0.18,0.18,33%,,0/9,28,253,242,63,51,53
"PIETY
SISU","killjoy, omen, clove",240,1.03,209.4,1.02,70%,136.3,0.70,0.26,0.11,0.10,28%,13%,3/23,20,168,165,62,26,25
"k0rupt
NA","harbor, breach, fade",347,1.03,201.3,0.96,72%,137.0,0.69,0.31,0.10,0.07,28%,27%,7/26,22,241,250,109,33,23
"Shiro
BME","breach, viper, gekko",406,1.03,197.3,0.99,73%,136.8,0.68,0.44,0.10,0.10,22%,20%,8/40,29,277,281,180,42,41
"Vince
CGN","omen, astra, brimstone",415,1.03,192.9,1.01,72%,126.7,0.68,0.40,0.06,0.07,21%,18%,9/49,26,283,281,167,23,28
"DREAM
VLNT","killjoy, cypher, viper",323,1.03,189.6,1.02,71%,124.2,0.67,0.21,0.07,0.06,22%,21%,13/62,23,216,212,67,21,18
"Zoestol
Blue","omen, viper, brimstone",621,1.03,181.3,1.03,76%,115.2,0.65,0.41,0.09,0.06,24%,9%,7/76,27,402,390,255,53,36
"Alfajer
FNC","breach, iso, killjoy",211,1.03,197.3,1.06,73%,137.7,0.71,0.24,0.09,0.06,33%,11%,2/19,24,149,141,50,18,13
"Cowpie867
UCI","gekko, sova, cypher",274,1.03,216.1,1.07,69%,143.8,0.76,0.18,0.15,0.15,36%,6%,2/34,25,209,195,49,41,40
PKX,"cypher, killjoy",206,1.03,201.0,1.09,69%,137.5,0.73,0.15,0.06,0.06,34%,13%,5/39,30,151,139,31,12,12
"sacred
SaD","omen, cypher, raze",249,1.03,208.5,1.04,67%,133.6,0.75,0.27,0.10,0.16,31%,15%,5/33,28,187,180,67,26,39
"NicoMachine
AK","sova, gekko, breach",448,1.02,181.3,0.98,79%,118.8,0.61,0.47,0.06,0.09,25%,22%,13/59,22,275,282,210,25,39
"johnqt
SEN","viper, cypher, sova",435,1.02,166.2,1.05,75%,109.4,0.60,0.34,0.07,0.07,24%,16%,10/63,23,263,251,146,29,30
"Natasha
LOUD.GC","cypher, killjoy",227,1.02,196.8,1.03,72%,129.7,0.72,0.22,0.11,0.07,32%,15%,5/34,21,164,159,49,25,15
"geeza
MU","cypher, killjoy, iso",288,1.02,217.4,1.04,69%,141.7,0.76,0.21,0.12,0.12,27%,4%,1/23,23,219,210,61,34,35
"Moh
TU","chamber, omen, brimstone",252,1.02,193.8,0.98,71%,136.0,0.70,0.31,0.10,0.07,30%,9%,4/43,26,176,179,79,24,18
"ponix
9ZG.GC","gekko, breach, sova",297,1.02,185.0,0.92,71%,121.6,0.65,0.36,0.06,0.06,27%,18%,9/50,19,194,212,107,18,17
"Krysme
LOUD.GC","killjoy, viper, cypher",208,1.02,210.7,1.05,66%,146.8,0.78,0.16,0.09,0.09,35%,13%,4/32,26,163,155,33,19,18
"Aace
RID",omen,204,1.02,190.0,1.04,68%,128.4,0.74,0.28,0.04,0.05,34%,25%,9/36,35,150,144,57,9,11
"Timotino
ROSE","skye, yoru, raze",372,1.02,227.2,1.02,68%,144.4,0.76,0.24,0.16,0.16,26%,19%,5/27,24,284,278,91,58,60
"Smurfette
GX.GC","neon, jett, yoru",410,1.02,227.7,1.10,70%,148.0,0.82,0.16,0.20,0.16,25%,22%,4/18,33,335,304,67,83,67
nicky,"viper, omen, brimstone",297,1.02,199.6,0.97,68%,127.9,0.71,0.33,0.09,0.08,37%,8%,3/36,23,212,219,98,26,24
"daiki
TL","kayo, yoru, skye",326,1.02,186.8,1.02,75%,121.5,0.67,0.44,0.06,0.09,27%,18%,7/38,20,218,214,143,21,29
"taka
SGZ","fade, sova, skye",226,1.01,187.9,1.04,69%,125.4,0.69,0.27,0.12,0.09,36%,11%,3/28,29,155,149,61,28,20
"nerve
QOR","omen, viper, astra",232,1.01,183.8,1.00,72%,122.9,0.64,0.44,0.05,0.09,36%,19%,6/31,18,149,149,102,11,21
Looxie,"kayo, breach, deadlock",362,1.01,190.4,0.96,72%,123.0,0.68,0.36,0.09,0.13,34%,28%,8/29,26,247,258,129,31,46
"ion2x
TOR","killjoy, neon, jett",486,1.01,218.5,1.08,72%,144.9,0.78,0.23,0.11,0.10,35%,5%,2/38,27,378,349,112,55,49
"allie
LEV.GC","omen, sova, kayo",297,1.01,177.7,1.00,71%,115.6,0.64,0.39,0.08,0.09,27%,16%,5/32,21,190,190,115,25,26
"S1Mon
EDG","kayo, breach, fade",404,1.01,168.2,0.92,76%,111.8,0.58,0.50,0.07,0.04,29%,23%,8/35,24,236,257,201,28,15
"mili
RF.GC","raze, yoru, jett",307,1.01,224.0,1.06,74%,141.7,0.77,0.23,0.12,0.11,30%,15%,5/33,22,237,223,72,37,34
"Annie
O1O","jett, neon, raze",273,1.01,212.9,1.01,68%,140.6,0.78,0.12,0.18,0.18,35%,20%,5/25,24,212,210,34,50,48
"safiaa
GnG.W","cypher, killjoy",362,1.01,189.7,0.97,71%,133.4,0.68,0.23,0.08,0.07,35%,5%,3/63,26,247,255,85,29,27
"wackie
DSY","yoru, kayo, gekko",206,1.01,203.7,1.01,71%,129.6,0.67,0.33,0.09,0.10,30%,22%,6/27,20,139,137,68,19,20
"AvovA
APK",omen,428,1.01,167.1,1.00,74%,109.7,0.63,0.38,0.07,0.07,40%,20%,10/49,23,268,268,164,30,30
"Blahst
ZMM.B","omen, brimstone, astra",279,1.00,197.8,0.95,65%,133.0,0.70,0.27,0.08,0.09,29%,8%,4/53,27,196,206,74,21,24
"dip
SAD","sova, gekko, iso",332,1.00,181.2,0.99,71%,122.8,0.64,0.36,0.05,0.08,25%,23%,8/35,26,212,215,120,18,26
"NMSRLM
TV","astra, omen, cypher",257,1.00,196.2,0.95,71%,124.3,0.69,0.38,0.06,0.07,38%,13%,7/54,19,177,187,97,15,19
"hide
GLRS","gekko, breach, iso",400,1.00,198.1,1.00,70%,125.7,0.72,0.28,0.06,0.11,42%,17%,5/30,24,289,288,113,24,42
"LiNLiN
AKV.GC","omen, astra, viper",231,1.00,177.1,1.00,77%,127.4,0.68,0.34,0.06,0.06,37%,13%,3/24,21,157,157,78,15,15
"seven
TSM","gekko, fade, sova",422,1.00,197.4,0.97,75%,133.0,0.69,0.31,0.07,0.12,21%,13%,6/48,28,291,301,130,28,51
"Luid
LRJ","breach, sova, killjoy",265,1.00,197.5,1.00,69%,133.5,0.71,0.21,0.11,0.10,29%,40%,8/20,31,189,189,56,29,27
kylo,"iso, jett, raze",234,1.00,223.6,1.05,66%,146.5,0.78,0.13,0.24,0.15,31%,,0/12,27,183,175,31,55,35
"car
AxS","jett, raze, yoru",416,1.00,214.2,1.01,69%,144.8,0.75,0.20,0.19,0.16,22%,3%,1/35,29,311,308,83,78,66
"kiNgg
LEV","brimstone, omen, viper",362,1.00,179.4,0.97,74%,117.3,0.64,0.37,0.07,0.07,32%,15%,8/52,22,230,237,133,26,26
"Kazler
RF.GC","fade, cypher, kayo",307,1.00,207.7,1.03,74%,137.8,0.73,0.27,0.13,0.14,31%,23%,6/26,24,224,217,83,39,44
"elllement
CGN","jett, raze",415,1.00,224.7,1.06,67%,147.6,0.78,0.18,0.21,0.17,26%,22%,6/27,27,324,305,74,87,70
"Marti
NSR.I","jett, neon, raze",362,1.00,215.9,1.00,69%,143.0,0.73,0.19,0.16,0.20,28%,10%,2/21,24,265,264,68,59,73
"Tag
DSY","cypher, killjoy, viper",206,1.00,196.6,1.01,67%,141.1,0.72,0.21,0.08,0.09,39%,13%,2/16,29,149,148,44,17,18
"renz
MU","sova, jett, viper",324,1.00,202.0,1.02,69%,135.4,0.75,0.23,0.12,0.15,27%,11%,3/27,26,243,239,73,38,49
"amy
G2.G","astra, cypher, brimstone",258,1.00,189.8,1.19,74%,124.2,0.72,0.28,0.10,0.06,38%,6%,1/18,25,185,156,71,24,15
"mikee
JL","astra, viper, cypher",218,0.99,199.2,0.95,73%,128.4,0.69,0.29,0.06,0.07,26%,21%,7/33,20,150,158,64,13,15
"Nora
SOL","viper, breach, harbor",271,0.99,189.8,1.00,75%,126.0,0.66,0.38,0.11,0.07,30%,25%,6/24,28,178,178,103,30,20
"pryze
2G","viper, sova, killjoy",466,0.99,164.9,0.99,74%,116.5,0.60,0.26,0.06,0.06,23%,20%,13/65,22,280,283,120,27,30
"benjii
FOE","cypher, killjoy, jett",310,0.99,198.1,1.00,70%,132.7,0.67,0.18,0.07,0.07,23%,13%,8/63,21,207,206,55,23,22
Loweed,"omen, brimstone, astra",345,0.99,192.0,0.92,70%,127.8,0.67,0.34,0.10,0.08,30%,14%,8/57,22,231,252,117,33,28
"panini
COL","omen, astra, brimstone",217,0.99,216.1,0.96,73%,142.8,0.73,0.33,0.10,0.10,29%,8%,2/26,23,158,165,71,21,21
"avery
FLOP","sova, kayo, fade",312,0.99,188.7,0.93,78%,126.9,0.64,0.42,0.10,0.04,25%,14%,5/37,23,200,215,130,30,11
"SUPERKAT
PAW","neon, jett, raze",312,0.99,208.8,1.02,71%,135.5,0.73,0.18,0.19,0.18,29%,21%,4/19,26,228,223,57,59,56
"edith
YFP","raze, jett, neon",222,0.99,225.8,1.02,65%,148.5,0.79,0.21,0.12,0.19,23%,10%,2/20,25,175,172,46,27,43
"Slandy
RF.GC","skye, breach, kayo",222,0.99,163.5,0.90,70%,107.0,0.60,0.39,0.03,0.06,26%,9%,4/46,21,133,148,87,6,13
"nightz
ASTA","yoru, clove, reyna",246,0.99,237.1,1.03,69%,151.8,0.83,0.20,0.18,0.14,35%,14%,2/14,23,204,198,49,45,35
"peixeh
pug","viper, sova, gekko",259,0.99,201.7,0.92,68%,136.6,0.66,0.30,0.10,0.10,28%,11%,4/35,22,171,185,77,25,27
Yeah,"neon, jett, raze",206,0.99,223.1,1.03,70%,155.2,0.76,0.21,0.18,0.17,32%,20%,2/10,30,157,153,43,37,36
"yatsuka
RID","cypher, killjoy, breach",204,0.99,198.3,1.05,69%,122.5,0.73,0.22,0.07,0.05,32%,32%,12/37,28,148,141,44,14,10
"evv
FLOP","gekko, sova, fade",257,0.98,189.5,0.96,75%,126.4,0.67,0.27,0.07,0.06,32%,17%,4/24,19,172,179,70,19,16
"zeek
Blue","breach, gekko, kayo",621,0.98,183.5,0.97,73%,115.7,0.64,0.52,0.05,0.08,25%,15%,5/34,22,398,412,320,31,48
"tdawgg
QOR","breach, sova, cypher",352,0.98,164.4,0.89,74%,112.0,0.55,0.45,0.04,0.05,22%,26%,11/43,18,195,220,159,14,19
"theia
FLY.R","astra, viper, omen",257,0.98,187.4,0.94,76%,121.0,0.65,0.34,0.09,0.07,25%,11%,4/36,23,167,178,87,23,18
"Nami
NSR.I","omen, brimstone, viper",362,0.98,194.2,0.95,73%,122.6,0.68,0.30,0.10,0.09,37%,12%,5/41,23,245,259,108,35,32
"gucc107
WVU","omen, brimstone",284,0.98,209.7,0.99,67%,133.6,0.74,0.32,0.09,0.09,27%,20%,4/20,25,211,214,91,25,26
"C0M
LEV","viper, sova, fade",362,0.98,191.3,0.96,70%,135.6,0.65,0.26,0.07,0.07,26%,13%,7/52,22,235,246,94,27,25
"duhT
LBR","sova, fade, skye",345,0.98,197.7,0.91,70%,134.1,0.67,0.31,0.09,0.08,23%,11%,4/37,25,231,253,107,32,29
"adora
HERO","raze, sage, jett",333,0.98,212.9,0.96,65%,145.5,0.73,0.20,0.18,0.18,30%,4%,1/28,27,244,254,68,60,60
"Ninou
VLNT","fade, sova",323,0.98,183.9,0.88,74%,127.6,0.60,0.40,0.05,0.07,18%,11%,4/35,28,195,221,130,16,21
"heartless
wows","jett, reyna, raze",346,0.98,235.4,0.94,65%,154.6,0.79,0.20,0.19,0.17,27%,4%,1/25,25,273,291,68,66,59
"Ange
MU","omen, brimstone, killjoy",288,0.98,193.6,0.91,74%,126.6,0.65,0.43,0.10,0.09,21%,4%,1/26,21,187,206,125,28,26
"Saalped
SGZ","viper, cypher, killjoy",400,0.97,196.6,0.99,70%,135.6,0.69,0.16,0.09,0.11,33%,20%,10/50,25,276,279,63,34,43
"lil d
Shif","breach, viper, kayo",255,0.97,188.7,0.86,71%,127.3,0.65,0.42,0.06,0.07,33%,12%,4/33,28,165,192,107,16,17
"Boo
TH","fade, astra, viper",405,0.97,175.1,0.93,73%,111.3,0.62,0.36,0.09,0.05,32%,15%,13/84,24,252,270,145,36,22
"Wo0t
TH","omen, gekko, kayo",405,0.97,189.3,0.95,75%,124.0,0.65,0.40,0.07,0.09,35%,14%,5/36,21,263,277,161,29,36
"Mazino
LEV","skye, breach, deadlock",362,0.97,200.2,0.96,69%,128.2,0.70,0.37,0.09,0.10,27%,21%,6/29,24,255,267,135,34,36
"Poly
SISU","astra, sova, fade",240,0.97,186.5,0.96,70%,122.0,0.64,0.29,0.07,0.10,34%,28%,7/25,24,154,160,70,17,23
"Celasun
PCF","cypher, killjoy, brimstone",454,0.97,176.7,1.04,73%,121.6,0.65,0.20,0.06,0.07,30%,11%,7/65,21,293,283,93,25,30
"HUYNH
YFP","omen, astra, brimstone",210,0.97,183.4,0.90,72%,113.2,0.62,0.38,0.10,0.09,19%,13%,3/23,17,131,145,79,20,18
"Caedye
RID","kayo, sova, viper",204,0.97,224.9,0.94,74%,136.7,0.75,0.37,0.12,0.10,32%,8%,1/12,30,154,164,75,25,20
"KHaaLiD
TU","omen, kayo, sage",252,0.97,197.6,0.98,71%,130.9,0.71,0.28,0.08,0.11,33%,21%,7/33,28,178,182,71,21,28
"Obnoks
MOUZ","kayo, sage, fade",228,0.97,186.2,0.89,77%,130.1,0.63,0.41,0.07,0.06,27%,14%,3/21,29,144,161,93,16,13
"NiSMO
M80","breach, kayo, deadlock",586,0.97,175.7,0.90,75%,117.7,0.60,0.52,0.06,0.05,29%,7%,5/75,31,354,395,303,35,30
"ataraxia
LEV.GC","cypher, viper, killjoy",315,0.97,183.9,0.98,67%,120.3,0.67,0.14,0.07,0.04,34%,11%,6/54,24,212,217,44,22,13
"Angel
MVR","breach, kayo, cypher",285,0.97,156.8,0.93,75%,105.9,0.60,0.37,0.06,0.07,39%,18%,7/39,18,172,185,106,16,20
"Andersin
BTR","clove, omen, astra",245,0.96,201.8,0.96,72%,134.9,0.73,0.29,0.10,0.10,27%,9%,2/23,30,179,186,70,25,24
"JotaG
OFF","jett, neon, raze",222,0.96,215.9,0.98,66%,141.6,0.77,0.14,0.18,0.15,27%,29%,6/21,31,171,174,30,39,33
"hiro
FNC","cypher, fade, viper",211,0.96,186.5,1.01,72%,119.1,0.66,0.27,0.07,0.08,27%,11%,2/19,21,140,138,56,15,16
"addison
Raw","omen, sova, clove",274,0.96,202.1,0.89,69%,132.6,0.71,0.28,0.11,0.13,38%,8%,3/39,30,195,218,77,30,35
"Sacy
SEN","fade, sova, gekko",320,0.96,182.5,0.85,73%,124.5,0.59,0.45,0.07,0.09,23%,29%,8/28,19,188,220,145,22,28
"Seoldam
RID","neon, jett",204,0.96,230.8,0.96,70%,141.1,0.75,0.23,0.20,0.16,20%,15%,2/13,25,152,158,47,40,33
"RobbieBk
JL","sova, skye, fade",218,0.96,185.1,0.90,71%,125.8,0.66,0.26,0.05,0.09,31%,31%,8/26,24,144,160,57,10,19
Vefa,"cypher, killjoy, breach",285,0.96,182.4,0.91,75%,119.0,0.66,0.26,0.09,0.10,24%,17%,5/30,21,188,206,73,26,28
"Truth
SCC","cypher, raze, neon",365,0.96,187.3,0.96,66%,126.5,0.68,0.16,0.05,0.09,30%,8%,5/59,27,248,258,59,19,33
"rood
GLRS","brimstone, killjoy, omen",380,0.96,172.7,0.95,69%,114.6,0.59,0.28,0.06,0.08,21%,19%,11/57,25,224,237,107,23,30
"starki
MOUZ","astra, viper, omen",228,0.96,194.3,0.98,70%,124.0,0.69,0.28,0.11,0.10,29%,19%,5/27,28,158,161,64,24,23
davizn,"jett, raze, iso",222,0.96,205.2,0.97,71%,135.6,0.72,0.19,0.19,0.14,34%,20%,2/10,25,159,164,42,42,31
"Raquinuki
FSX","raze, cypher, killjoy",371,0.95,179.3,0.94,68%,122.3,0.64,0.22,0.09,0.08,29%,11%,4/37,19,238,253,82,33,29
"alexiiik
GN","neon, jett, raze",201,0.95,209.4,1.01,62%,137.4,0.75,0.17,0.18,0.19,29%,7%,1/14,28,150,148,34,36,39
"nobody
EDG","sova, gekko, fade",404,0.95,183.3,0.97,72%,120.4,0.64,0.28,0.08,0.09,34%,23%,9/39,23,257,266,114,33,38
"mummAy
FAIM","astra, brimstone, omen",382,0.95,161.3,0.95,73%,106.0,0.59,0.42,0.03,0.06,30%,11%,6/54,22,226,238,160,12,23
"Vital
Six","sova, fade, breach",300,0.95,174.2,0.85,73%,120.0,0.60,0.40,0.07,0.06,28%,9%,4/46,22,180,211,121,20,19
"SereNa
ZETA.GC","cypher, killjoy",217,0.95,186.4,0.93,67%,126.8,0.66,0.20,0.06,0.08,22%,21%,6/28,20,143,153,44,14,18
"alvinboy
Burg","raze, jett, reyna",386,0.95,194.8,0.96,69%,130.3,0.70,0.26,0.11,0.10,29%,13%,4/31,30,269,281,102,44,38
"neT
M80","cypher, killjoy, viper",586,0.95,182.0,0.99,69%,120.6,0.65,0.16,0.09,0.09,33%,10%,7/69,23,379,384,94,51,52
"marceline
SOL","raze, jett",271,0.95,211.3,1.01,66%,142.0,0.76,0.12,0.18,0.14,30%,13%,3/24,29,206,203,33,48,39
Izo,"breach, reyna, omen",227,0.95,184.5,0.86,67%,125.6,0.63,0.30,0.10,0.08,33%,16%,4/25,19,143,167,69,22,19
"margaret
SPG","cypher, killjoy, yoru",282,0.95,187.9,0.98,68%,121.7,0.65,0.26,0.07,0.10,32%,27%,7/26,21,182,185,72,21,28
"zaj
ASTA","raze, jett, sova",222,0.95,217.5,0.92,68%,146.7,0.74,0.16,0.10,0.15,34%,21%,3/14,22,165,179,35,22,33
mikester,"brimstone, cypher, killjoy",209,0.95,201.6,0.99,67%,132.1,0.74,0.16,0.11,0.11,31%,11%,2/19,29,154,156,34,22,22
"Bobbert
SEN","omen, astra, clove",288,0.95,190.3,0.90,73%,129.4,0.68,0.45,0.06,0.08,22%,11%,4/36,23,197,219,131,18,23
"benzi
Pain","breach, killjoy, skye",529,0.94,185.2,0.87,73%,124.9,0.63,0.34,0.07,0.06,26%,13%,10/75,21,333,384,182,35,34
"Elab0rate
SOL","killjoy, cypher",271,0.94,180.8,0.98,68%,120.9,0.66,0.15,0.11,0.10,33%,18%,7/38,22,180,184,40,30,28
"BcJ
M80","gekko, sova, fade",586,0.94,187.3,0.95,76%,122.9,0.65,0.35,0.08,0.10,19%,21%,13/62,24,381,399,203,44,56
"hype
APK","cypher, killjoy",428,0.94,187.1,0.93,70%,121.9,0.65,0.25,0.11,0.08,28%,18%,7/39,21,278,299,107,46,34
"suzu
FL.GC","neon, jett, raze",217,0.94,227.9,0.98,68%,150.3,0.78,0.22,0.17,0.23,25%,15%,3/20,29,169,172,47,36,50
"Nanners
ZMM.B","cypher, deadlock, gekko",332,0.94,181.6,0.94,66%,120.3,0.64,0.24,0.08,0.10,27%,15%,6/39,23,214,228,79,26,32
"rise
FLOP","viper, omen, kayo",323,0.94,174.6,0.91,69%,117.8,0.64,0.32,0.06,0.07,24%,13%,6/45,24,207,227,103,20,24
"Yuki
DXG","jett, neon, yoru",231,0.94,209.8,0.91,66%,136.7,0.73,0.23,0.12,0.16,23%,6%,2/34,26,169,185,52,28,37
"benjyfishy
TH","killjoy, cypher, viper",405,0.94,187.2,1.01,69%,124.7,0.69,0.15,0.09,0.11,36%,16%,6/37,24,280,276,62,36,45
"v1nny
RED","gekko, viper, sage",313,0.94,176.2,0.98,72%,114.4,0.63,0.28,0.06,0.05,34%,22%,9/41,17,198,203,88,19,16
"isaa
TL","sova, viper, gekko",326,0.94,183.3,0.95,71%,123.9,0.64,0.27,0.05,0.08,29%,14%,6/43,22,208,219,89,16,25
"zerona
Fish","viper, sova, fade",366,0.94,195.4,0.90,70%,135.2,0.68,0.30,0.09,0.12,29%,16%,5/32,27,248,276,109,32,43
"Mary
FLCV","jett, raze, neon",315,0.94,231.1,1.00,67%,148.7,0.80,0.17,0.22,0.20,33%,26%,5/19,32,252,251,52,69,64
"Petra
G2.G","sova, fade, skye",258,0.94,175.7,1.00,72%,123.7,0.62,0.29,0.05,0.11,25%,25%,5/20,21,161,161,76,12,26
"shyz
TBS","sova, gekko",225,0.93,161.2,0.84,62%,114.8,0.58,0.21,0.04,0.06,31%,10%,5/51,23,131,156,48,10,13
"Boni
Burg","deadlock, gekko, breach",296,0.93,218.9,0.97,68%,137.2,0.76,0.24,0.22,0.16,24%,7%,1/14,25,225,233,70,65,47
"susbake
O1O","killjoy, cypher, viper",273,0.93,196.6,0.89,70%,131.9,0.67,0.26,0.08,0.10,33%,25%,8/32,18,183,206,70,21,28
"Princessicy
Noct","viper, skye, breach",287,0.93,197.8,0.86,60%,132.3,0.71,0.22,0.11,0.13,42%,17%,6/36,27,204,236,62,32,37
"May
NCL.GC","killjoy, viper, clove",232,0.93,170.3,0.94,69%,118.6,0.58,0.21,0.04,0.11,17%,14%,4/28,17,135,144,49,10,26
"Andrehs
AKV.GC","sova, breach, skye",231,0.93,168.3,0.93,74%,111.2,0.61,0.30,0.08,0.06,32%,23%,3/13,20,142,152,70,18,14
"tokyo
ROSE","deadlock, cypher, killjoy",319,0.93,186.9,0.96,68%,122.2,0.68,0.15,0.07,0.07,39%,17%,8/48,19,217,227,49,23,23
"Jesse
BAR","omen, viper, brimstone",277,0.93,182.0,0.90,71%,117.2,0.63,0.29,0.06,0.08,38%,7%,2/30,19,175,194,79,17,22
"Guardy
BAR","breach, kayo, gekko",277,0.93,180.3,0.84,71%,119.5,0.61,0.38,0.06,0.06,27%,10%,3/30,29,170,202,105,17,17
"mxnor
pug","sova, fade, breach",206,0.93,183.7,0.89,74%,117.0,0.65,0.41,0.04,0.11,36%,15%,3/20,21,134,151,84,9,22
"JoXJo
RID","sova, kayo, skye",204,0.92,189.6,0.85,74%,121.4,0.62,0.34,0.08,0.08,27%,20%,4/20,24,126,148,70,16,17
simon,"jett, raze, astra",294,0.92,197.6,0.87,68%,128.2,0.68,0.26,0.11,0.11,24%,14%,6/43,25,200,230,77,31,32
"Cunha20
SAW","astra, viper, omen",231,0.92,182.1,0.89,66%,120.5,0.67,0.30,0.06,0.06,37%,19%,6/32,27,155,175,70,15,14
"Setrexz
DAS","yoru, neon, jett",243,0.92,216.9,0.91,65%,145.7,0.76,0.16,0.19,0.16,29%,13%,3/23,26,184,202,39,46,39
bruninej,"deadlock, omen, yoru",345,0.92,190.8,0.88,67%,126.5,0.68,0.30,0.11,0.13,23%,12%,5/43,22,233,266,102,39,44
"ExciteMVP
WVU","sova, skye",351,0.92,183.3,0.83,71%,124.4,0.61,0.27,0.07,0.05,25%,6%,4/66,23,213,258,95,24,16
"chloric
FOE","raze, sova, viper",288,0.92,191.9,0.94,69%,129.8,0.65,0.22,0.06,0.11,19%,10%,4/41,21,186,197,63,17,33
"Tillo
spec","sova, fade, cypher",272,0.92,172.5,0.82,64%,124.1,0.58,0.25,0.05,0.09,27%,4%,2/54,18,159,194,68,13,24
"SpYzera
TU","gekko, skye, iso",252,0.92,194.0,0.90,69%,126.1,0.67,0.30,0.07,0.10,29%,4%,1/27,23,170,188,75,17,26
"Champzera
GLRS","brimstone, omen, astra",352,0.92,173.7,0.88,72%,115.3,0.61,0.38,0.07,0.07,29%,13%,6/47,28,214,244,134,23,23
"Agr0
BZK","omen, gekko, fade",204,0.92,192.6,0.88,62%,130.9,0.70,0.31,0.08,0.12,36%,13%,4/30,28,143,163,64,16,25
"Jiex
KPI.S","breach, sage, deadlock",323,0.92,184.7,0.85,72%,121.7,0.63,0.43,0.07,0.07,36%,14%,5/37,22,203,239,139,21,23
lyrical,"neon, viper, cypher",278,0.92,203.0,0.85,63%,141.0,0.69,0.22,0.13,0.14,23%,13%,5/38,28,193,227,60,37,39
"monSi
BLIN","viper, sova, harbor",267,0.91,172.2,0.86,70%,110.5,0.57,0.34,0.07,0.07,23%,17%,5/29,20,152,177,91,18,20
"aproto
TSM","deadlock, cypher, viper",348,0.91,160.9,0.85,70%,110.2,0.57,0.23,0.05,0.05,36%,16%,10/62,23,198,234,80,16,17
"atlas
BLIN","breach, kayo, cypher",281,0.91,200.0,0.91,68%,129.5,0.69,0.34,0.08,0.10,19%,10%,3/29,23,194,214,96,22,29
"Urango
GLRS","gekko, breach, sage",380,0.91,184.8,0.87,70%,122.7,0.63,0.34,0.06,0.10,30%,7%,2/29,25,240,275,130,21,37
"lz
2G","brimstone, omen, viper",466,0.91,173.4,0.90,71%,109.6,0.61,0.29,0.09,0.10,37%,15%,6/40,21,284,314,135,44,47
"tinchoff
AK","cypher, killjoy",448,0.91,164.5,0.91,69%,109.2,0.60,0.21,0.09,0.10,36%,14%,8/58,24,271,299,95,41,46
"Havex
Shif","sova, fade",255,0.91,177.8,0.84,68%,124.2,0.62,0.30,0.05,0.07,35%,13%,4/31,20,157,186,77,13,19
"Ginilson
KG","killjoy, chamber, viper",345,0.91,194.1,0.90,65%,132.6,0.69,0.23,0.07,0.13,30%,14%,6/42,28,237,263,78,25,44
"sawamura
SISU","neon, jett, omen",240,0.91,172.2,0.90,68%,116.4,0.65,0.19,0.11,0.13,42%,35%,7/20,24,155,172,45,27,30
"Vixtur
DXG","killjoy, cypher, vyse",268,0.91,184.8,0.81,66%,124.5,0.64,0.31,0.03,0.07,24%,12%,6/52,20,171,212,82,9,20
"nati
LEV.GC","omen, sova, killjoy",315,0.91,171.9,0.92,68%,114.1,0.63,0.21,0.05,0.06,42%,13%,6/45,21,199,217,65,15,18
"Dinxx
WVU","jett, neon, raze",284,0.90,203.3,0.92,65%,134.7,0.71,0.18,0.17,0.20,30%,17%,3/18,22,201,219,52,48,58
"JohnOlsen
FS","neon, jett, raze",246,0.90,214.5,0.95,62%,142.1,0.74,0.22,0.17,0.22,25%,8%,1/13,26,183,193,53,42,53
"A77
WVU","sova, killjoy, cypher",329,0.90,185.9,0.87,67%,124.2,0.65,0.22,0.06,0.07,28%,11%,7/66,23,213,244,74,19,24
devy,"raze, jett, reyna",333,0.90,209.0,0.90,67%,137.2,0.72,0.20,0.17,0.15,29%,15%,5/33,23,239,266,66,55,50
"sambae
Wook","fade, sova, kayo",222,0.90,178.0,0.87,67%,118.0,0.62,0.26,0.05,0.06,39%,11%,4/38,18,138,159,58,11,13
"calsushi
TDY","sova, fade, brimstone",211,0.90,188.2,0.85,70%,126.0,0.66,0.25,0.08,0.04,30%,13%,3/24,26,139,163,52,16,9
"GaryDaSnail
Non-","killjoy, cypher, deadlock",268,0.90,191.5,0.84,61%,128.6,0.66,0.18,0.06,0.06,32%,2%,1/56,18,178,211,49,17,16
"jademwah
O1O","omen, brimstone, breach",273,0.90,194.5,0.86,64%,123.2,0.66,0.41,0.08,0.13,21%,11%,5/45,19,181,211,113,22,35
"maniek
BAR","neon, jett, yoru",277,0.89,213.9,0.96,62%,138.4,0.75,0.18,0.17,0.22,24%,8%,2/24,25,207,215,50,46,62
"PepegaPig
DawN","jett, killjoy, viper",278,0.89,186.7,0.94,68%,121.1,0.67,0.21,0.08,0.09,23%,18%,8/44,19,186,198,59,21,25
"cuteasa
RTL","yoru, reyna, deadlock",279,0.89,194.6,0.89,67%,128.6,0.69,0.18,0.09,0.12,19%,20%,7/35,22,193,218,51,25,33
"Matt
Burg","gekko, killjoy, kayo",436,0.89,165.0,0.83,68%,109.1,0.58,0.26,0.07,0.10,23%,18%,11/60,24,254,305,114,29,44
"riv
RF.GC","gekko, cypher, deadlock",307,0.88,161.5,0.80,72%,100.6,0.56,0.35,0.06,0.09,27%,26%,6/23,19,173,217,106,19,28
"panday
KS","breach, cypher, yoru",253,0.88,170.2,0.91,74%,113.7,0.61,0.27,0.07,0.09,31%,15%,4/27,20,154,169,69,18,24
"Tura
FSX","clove, omen, astra",371,0.88,171.8,0.81,74%,113.0,0.59,0.45,0.07,0.10,28%,11%,4/36,23,220,271,166,26,36
"Rosé
PCF","sova, breach, fade",454,0.88,163.1,0.86,68%,111.8,0.58,0.27,0.07,0.07,28%,34%,13/38,19,262,304,123,34,32
"FireBallOps
0","deadlock, cypher, killjoy",279,0.88,178.0,0.90,65%,123.4,0.65,0.16,0.06,0.10,36%,16%,8/49,23,181,201,46,17,29
"crona
DAS","breach, sova, cypher",208,0.88,170.9,0.79,67%,110.3,0.61,0.39,0.05,0.06,31%,3%,1/36,19,126,159,82,11,13
"tex
LEV","gekko, cypher, killjoy",362,0.88,196.9,0.92,68%,131.5,0.70,0.18,0.13,0.14,33%,13%,4/30,26,252,275,65,47,51
"Leviathan
FS","omen, viper",246,0.88,166.2,0.82,68%,107.3,0.59,0.39,0.07,0.07,31%,23%,9/39,17,144,175,95,17,16
"Addicted
SAW","sova, gekko",231,0.88,159.7,0.79,65%,116.5,0.58,0.26,0.06,0.06,34%,14%,5/37,29,134,169,61,13,15
"hieu
YDZ","jett, raze, iso",228,0.87,204.2,0.86,63%,139.7,0.70,0.23,0.14,0.21,32%,33%,4/12,25,160,185,52,32,47
casuaL,"viper, killjoy, breach",390,0.87,174.6,0.81,69%,117.4,0.60,0.35,0.05,0.11,29%,3%,1/33,25,234,289,137,21,44
"Moechilla
STORM","deadlock, omen, astra",245,0.87,162.3,0.85,68%,107.1,0.58,0.31,0.07,0.10,23%,13%,5/40,16,142,168,77,17,24
aco,"breach, kayo, skye",217,0.87,165.0,0.75,74%,102.4,0.56,0.59,0.08,0.08,21%,6%,1/18,18,122,162,127,17,18
rivfps,"killjoy, cypher, vyse",294,0.87,183.0,0.87,57%,119.3,0.67,0.19,0.09,0.13,28%,20%,10/51,21,197,226,56,26,38
"practo
AKM","viper, skye, breach",232,0.87,180.3,0.79,67%,121.8,0.64,0.27,0.08,0.08,36%,9%,3/34,20,148,187,63,18,19
"richie
Thug","deadlock, cypher, viper",210,0.87,167.9,0.86,65%,117.3,0.63,0.16,0.06,0.06,31%,18%,5/28,26,132,154,33,13,13
"caydeN
DSY","omen, sage",206,0.87,161.3,0.78,70%,108.9,0.54,0.43,0.08,0.07,26%,12%,3/25,17,111,142,88,17,15
qwq,"raze, jett, viper",259,0.86,194.6,0.90,63%,133.1,0.71,0.15,0.18,0.19,23%,24%,6/25,30,183,204,38,47,49
"canezera
TOR","neon, jett, clove",316,0.86,221.9,0.88,69%,147.6,0.75,0.26,0.21,0.16,29%,13%,2/16,36,238,271,83,66,52
"POISED
TSM","skye, breach, sova",348,0.86,164.5,0.83,74%,106.9,0.58,0.36,0.05,0.11,28%,9%,3/35,22,201,243,124,17,37
"smokay
OFF","cypher, killjoy, viper",222,0.86,170.8,0.82,64%,117.4,0.60,0.26,0.07,0.10,34%,9%,3/33,26,134,163,57,15,23
"Vorwenn
BAR","sova, clove, fade",277,0.86,167.0,0.82,70%,112.4,0.57,0.23,0.06,0.10,31%,22%,8/36,19,159,194,63,18,27
"Manny
DXG","breach, kayo, killjoy",268,0.85,195.2,0.82,61%,126.8,0.66,0.21,0.13,0.16,28%,4%,1/23,22,177,217,57,34,44
"Evilkyk
GLRS","fade, sova",380,0.85,158.5,0.82,71%,108.2,0.56,0.28,0.05,0.08,26%,15%,8/54,23,212,257,107,20,29
"Battison
SaD","gekko, sova, neon",209,0.85,208.1,0.85,60%,140.4,0.71,0.16,0.16,0.21,26%,6%,1/17,22,149,176,34,34,43
"E11ie
Even","gekko, sova, phoenix",252,0.85,179.3,0.79,58%,121.0,0.62,0.23,0.07,0.10,25%,14%,5/35,22,157,199,57,18,26
"devilasxa
O1O","breach, kayo, gekko",273,0.85,168.7,0.75,67%,113.6,0.57,0.39,0.04,0.08,29%,11%,4/38,19,155,206,107,12,23
"lissa
TBS","omen, cypher, viper",225,0.85,182.4,0.84,62%,122.3,0.64,0.23,0.07,0.14,35%,14%,6/43,21,145,173,51,15,31
"Mel
VLNT","omen, viper, brimstone",323,0.85,162.1,0.82,70%,107.4,0.59,0.36,0.04,0.13,30%,11%,4/35,26,191,234,117,13,41
"In0X
WVU","kayo, harbor, breach",284,0.85,175.0,0.75,70%,116.5,0.58,0.41,0.06,0.13,32%,15%,6/40,20,165,221,116,18,36
drope,"astra, omen, brimstone",234,0.84,160.2,0.80,65%,106.4,0.56,0.33,0.09,0.08,19%,,0/23,19,132,166,78,22,18
"babzzz
ZIK","killjoy, cypher, clove",297,0.84,189.4,0.87,62%,123.9,0.68,0.15,0.08,0.13,23%,,0/28,21,201,231,44,24,39
rain,"breach, fade, yoru",278,0.84,190.1,0.77,66%,125.1,0.65,0.30,0.08,0.11,24%,11%,5/44,22,180,234,83,21,31
"jas
JL","neon, jett, raze",218,0.84,193.8,0.86,67%,131.3,0.67,0.20,0.16,0.23,29%,33%,4/12,21,145,169,44,34,50
Shifty,omen,255,0.83,170.4,0.77,64%,113.0,0.62,0.35,0.08,0.13,31%,21%,7/33,22,157,203,89,20,33
"RIZEU
YDZ","omen, breach, brimstone",231,0.83,177.3,0.72,75%,113.9,0.56,0.51,0.06,0.12,24%,13%,2/15,18,129,179,117,14,28
"syfi
Argo","fade, sova, kayo",284,0.83,174.6,0.80,69%,118.8,0.61,0.24,0.08,0.11,27%,17%,4/23,20,173,215,69,22,31
"zeek
GN","sova, breach, gekko",201,0.83,163.1,0.81,67%,112.9,0.58,0.28,0.02,0.07,25%,6%,1/18,22,117,144,57,5,15
"SUPERPHROG
HERO","chamber, killjoy, cypher",333,0.83,171.8,0.85,61%,122.2,0.63,0.15,0.10,0.11,30%,13%,5/38,28,211,249,49,33,36
"iHenDog
ASTA","breach, cypher, sova",294,0.83,160.6,0.72,69%,107.0,0.54,0.32,0.05,0.05,23%,7%,3/45,16,159,220,95,14,14
insano,"breach, viper",206,0.83,185.4,0.81,70%,119.3,0.64,0.37,0.10,0.09,34%,15%,3/20,19,132,163,76,20,19
"kook
ABG","yoru, jett, reyna",249,0.83,183.2,0.79,60%,123.5,0.65,0.16,0.12,0.22,26%,20%,6/30,24,163,206,39,30,54
"taiga
Lion","cypher, sage, reyna",278,0.83,192.1,0.86,65%,127.1,0.66,0.23,0.12,0.13,21%,,0/14,21,183,212,65,32,35
"vinizin
2002","jett, raze, brimstone",296,0.82,174.1,0.81,63%,116.8,0.62,0.19,0.10,0.13,26%,8%,2/26,21,183,226,57,31,37
"snarly
QOR","killjoy, cypher, brimstone",231,0.81,147.7,0.77,65%,95.2,0.53,0.35,0.06,0.08,35%,9%,3/33,20,122,159,80,13,18
"Dagr1s
GenZ","jett, neon, raze",231,0.81,184.8,0.84,66%,121.4,0.66,0.15,0.11,0.17,25%,6%,1/16,23,153,182,35,25,39
"fiziq
YFP","breach, sova, skye",302,0.81,170.1,0.77,69%,112.5,0.55,0.34,0.11,0.09,23%,4%,1/24,18,167,217,104,32,28
"Buld
GN","breach, sova, brimstone",201,0.81,175.7,0.83,69%,114.3,0.60,0.22,0.11,0.11,26%,,0/15,18,121,146,44,22,22
"6sonya
O1O","sova, fade",273,0.81,154.6,0.77,65%,107.1,0.56,0.22,0.05,0.07,37%,12%,5/41,17,152,197,61,14,20
"sherb
Laze","cypher, killjoy, gekko",328,0.81,168.8,0.81,65%,115.0,0.60,0.15,0.08,0.12,25%,16%,11/69,21,197,244,50,25,39
"VantiK
DXG","omen, cypher, viper",268,0.80,172.8,0.76,66%,113.4,0.60,0.28,0.05,0.11,35%,9%,4/43,20,160,211,74,14,29
"erin
DGL","raze, jett, sova",307,0.80,180.5,0.74,61%,121.0,0.59,0.28,0.09,0.14,26%,3%,1/32,26,181,244,87,28,42
"Sandra
GK","cypher, brimstone, killjoy",315,0.80,173.5,0.85,67%,116.4,0.63,0.21,0.07,0.08,38%,7%,3/43,21,198,232,67,23,26
"GrTw
SAW","cypher, killjoy",231,0.80,175.9,0.75,66%,120.8,0.58,0.18,0.12,0.11,25%,10%,4/41,23,135,179,42,28,25
"exile
ASTA","viper, killjoy, cypher",222,0.79,149.5,0.73,59%,102.2,0.55,0.18,0.07,0.08,35%,7%,3/46,18,123,169,41,15,18
"lucas
MFC","kayo, fade, skye",269,0.79,162.0,0.70,73%,100.3,0.52,0.49,0.05,0.09,21%,16%,5/32,23,141,201,133,13,24
"habibti
MESO","chamber, sova",222,0.78,162.9,0.73,60%,113.3,0.55,0.23,0.08,0.11,29%,10%,2/21,23,123,168,51,18,24
"Cille
HERO","fade, sova, kayo",333,0.78,151.6,0.72,67%,98.7,0.54,0.31,0.04,0.07,26%,11%,4/35,19,180,249,102,12,23
"meleliita
LEV.GC","breach, deadlock, sova",315,0.78,184.0,0.78,70%,121.1,0.61,0.25,0.17,0.17,29%,,0/10,24,193,247,80,54,53
"Sand
TU","viper, harbor, cypher",252,0.77,165.2,0.77,65%,111.2,0.59,0.18,0.06,0.12,32%,8%,2/26,17,148,193,45,15,31
"Aniemal
Wild","viper, cypher, killjoy",222,0.77,163.1,0.75,64%,113.6,0.56,0.18,0.08,0.07,20%,14%,4/28,15,125,166,40,18,16
"Atisca
K7",jett,218,0.77,179.5,0.79,61%,115.0,0.63,0.13,0.16,0.12,17%,4%,1/25,18,137,174,28,34,26
"blu
LOUD.GC","skye, gekko, fade",227,0.76,133.3,0.72,69%,89.1,0.48,0.33,0.06,0.11,33%,23%,5/22,15,110,152,76,13,26
"vii
TBS","jett, neon, raze",225,0.75,190.1,0.76,59%,126.8,0.65,0.16,0.12,0.17,27%,13%,1/8,18,146,192,36,28,39
"odessaca
Hype","omen, brimstone, skye",252,0.74,163.2,0.63,62%,108.0,0.51,0.29,0.08,0.09,22%,13%,4/31,17,129,205,73,19,22
"Fragger
SAW","breach, gekko, iso",231,0.74,153.4,0.70,65%,105.1,0.55,0.33,0.05,0.10,30%,24%,6/25,28,128,183,76,11,22
"Adenina
9ZG.GC","kayo, gekko, sova",297,0.74,138.2,0.67,66%,89.1,0.48,0.33,0.04,0.08,22%,16%,7/45,20,143,214,97,12,25
"Speedy
TBS","killjoy, omen, brimstone",225,0.73,149.8,0.63,65%,104.6,0.49,0.40,0.04,0.07,31%,13%,4/32,17,110,176,90,9,15
"Melsm
FSX","sova, skye, breach",218,0.73,136.4,0.72,66%,90.3,0.52,0.18,0.04,0.09,21%,9%,2/23,15,114,158,40,8,19
"pvS
SES","omen, brimstone, killjoy",201,0.73,153.0,0.68,59%,99.0,0.53,0.22,0.08,0.09,21%,13%,4/32,18,107,158,45,16,19
"Jenniffer
ERIN","jett, raze, neon",208,0.72,171.5,0.66,65%,118.0,0.55,0.24,0.16,0.19,21%,6%,1/17,15,115,174,49,34,40
"unfeel
Tena","skye, sova, sage",232,0.72,136.8,0.62,65%,87.3,0.47,0.32,0.07,0.08,28%,12%,4/33,18,109,175,74,16,19
"nathan
Baby","astra, omen, clove",244,0.70,143.5,0.59,62%,93.3,0.48,0.33,0.04,0.08,24%,23%,9/39,18,118,200,81,10,19
"BennY
CGN","phoenix, gekko, sage",415,0.69,147.6,0.70,63%,96.8,0.52,0.23,0.07,0.13,29%,11%,4/36,19,216,309,94,29,56
"nanno
Alli","killjoy, viper, cypher",212,0.67,155.6,0.68,56%,103.2,0.55,0.13,0.08,0.08,34%,6%,2/31,20,116,171,28,18,17
"Boaster
FNC","astra, omen",211,0.65,115.0,0.63,68%,72.2,0.41,0.31,0.06,0.12,24%,13%,3/24,16,86,137,66,13,26
merge,"gekko, sova, skye",244,0.64,125.9,0.56,56%,89.2,0.43,0.22,0.02,0.08,21%,16%,5/31,13,105,188,54,4,19
"Link
ALG","viper, cypher, kayo",208,,165.5,0.71,,112.6,0.56,0.35,0.08,0.11,,,,22,117,164,73,17,23
"Volay
ALG","skye, sova, astra",208,,166.9,0.81,,120.2,0.61,0.22,0.06,0.08,,,,25,126,155,46,13,16
"Kr1stal
XLG","sova, kayo, viper",310,,234.6,1.23,,154.7,0.77,0.28,0.10,0.10,,,,27,239,194,87,32,32
"Rarga
XLG","neon, jett, raze",310,,267.8,1.35,,173.0,0.96,0.19,0.24,0.17,,,,31,297,220,60,75,52
"MarT1n
XLG","omen, viper, harbor",310,,154.3,0.86,,102.1,0.52,0.37,0.06,0.05,,,,20,161,187,116,18,16
"MrCANI
XLG","breach, gekko, omen",310,,181.5,1.03,,116.7,0.68,0.38,0.04,0.03,,,,21,212,205,117,13,9
"happywei
XLG","cypher, killjoy, vyse",310,,202.0,0.97,,131.7,0.68,0.25,0.10,0.10,,,,23,211,218,79,31,30
"Chaos
ALG","cypher, iso, killjoy",208,,215.4,1.04,,148.7,0.79,0.18,0.15,0.16,,,,35,164,158,37,32,34
